feature,importance
BBL,0.06482527
MACD,0.0583791
BBM,0.05351922
MACDs,0.052151375
EMA_50,0.05208159
OBV,0.04962648
SMA_200,0.04957683
RSI,0.04926584
MACDh,0.048381392
SMA_50,0.048027806
SMA_10,0.04635171
CCI,0.045162357
BBU,0.044885464
high,0.043518733
STOCHd,0.043465607
EMA_10,0.042829603
close,0.0422512
STOCHk,0.04219127
low,0.04180153
volume,0.041008547
open,0.040699117
