feature,importance
BBL,0.059049293
MACD,0.056350548
EMA_50,0.052974828
SMA_50,0.051262677
CCI,0.05052921
SMA_200,0.05026831
MACDs,0.049239416
BBM,0.048843693
OBV,0.048186183
low,0.04786059
high,0.047173616
MACDh,0.04676451
RSI,0.04640538
SMA_10,0.04624052
close,0.04606682
EMA_10,0.045588613
BBU,0.04498485
STOCHd,0.041798063
open,0.041531403
STOCHk,0.04035206
volume,0.03852942
